<?xml version="1.0" encoding="UTF-8"?>

<types>
  <className>com.jty.formatdoc.domain.SFormatItemStatus</className>
  <isLevel>false</isLevel>
  <type>
    <id>6</id>
    <name>已确认通过</name>
    <ord>006</ord>
    <comm>null</comm>
  </type>
  <type>
    <id>3</id>
    <name>已分配</name>
    <ord>003</ord>
    <comm>null</comm>
  </type>
  <type>
    <id>4</id>
    <name>已实现</name>
    <ord>004</ord>
    <comm>null</comm>
  </type>
  <type>
    <id>2</id>
    <name>已批准</name>
    <ord>002</ord>
    <comm>null</comm>
  </type>
  <type>
    <id>1</id>
    <name>新建</name>
    <ord>001</ord>
    <comm>null</comm>
  </type>
</types>
