<?xml version="1.0" encoding="UTF-8"?>

<standardFiles>
  <file>formatDocType.xml</file>
  <file>formatItemType.xml</file>
  <file>formatItemChange.xml</file>
  <file>formatItemStatus.xml</file>
  <file>formatItemStability.xml</file>
  <file>formatItemDifficulty.xml</file>
  <file>formatItemExpectedlevel.xml</file>
  <file>formatItemStandardColumn1.xml</file>
  <file>formatItemStandardColumn2.xml</file>
  <file>formatItemStandardColumn3.xml</file>
  <file>formatItemStandardColumn4.xml</file>
  <file>formatItemStandardColumn5.xml</file>
</standardFiles>
