<?xml version="1.0" encoding="UTF-8"?>

<types>
  <className>com.jty.formatdoc.domain.SFormatItemType</className>
  <isLevel>true</isLevel>
  <type>
    <id>100</id>
    <name>需求</name>
    <ord>00</ord>
    <comm>需求</comm>
  </type>
  <type>
    <id>101</id>
    <name>功能需求</name>
    <ord>0000</ord>
    <comm>功能需求</comm>
  </type>
  <type>
    <id>304</id>
    <name>概要需求</name>
    <ord>0001</ord>
    <comm>概要需求</comm>
  </type>
  <type>
    <id>102</id>
    <name>性能需求</name>
    <ord>0002</ord>
    <comm>性能需求</comm>
  </type>
  <type>
    <id>103</id>
    <name>接口</name>
    <ord>0003</ord>
    <comm>接口</comm>
  </type>
  <type>
    <id>318</id>
    <name>用户需求</name>
    <ord>0004</ord>
    <comm></comm>
  </type>
  <type>
    <id>319</id>
    <name>非功能需求</name>
    <ord>0005</ord>
    <comm></comm>
  </type>
</types>
